param_i_rate,avail_elec,avail_waste,avail_coal,avail_biomass,c_op_electricity,c_op_coal,c_op_biomass,c_op_biofuels,c_op_syn_fuels,c_op_hydrocarbons,c_inv_pv,c_inv_wind_onshore,c_inv_wind_offshore,c_inv_dhn_hp_elec,c_inv_dec_hp_elec,c_inv_h2_electrolysis,f_max_pv,f_max_windon,f_max_windoff,elec_extra,ht_extra,sh_extra,ned_extra,freight_extra,passenger_extra,c_inv_bus,c_inv_car,c_inv_truck,c_inv_ic_prop,c_inv_e_prop,c_inv_fc_prop,cpt_pv,cpt_winds,f_max_nuc,cost
                -0.444736,                 0.011995,                -0.158849,                 0.203872,                -0.117167,                -0.226291,                 0.275983,                -0.296528,                 0.823016,                 0.501119,                 0.435048,                 0.116952,                -0.115202,                 0.154674,                -0.139538,                 0.017122,                 0.224714,                -0.185858,                -0.082281,                 0.004181,                -0.035010,                -0.055168,                -0.102369,                 0.010614,                -0.029503,                 0.013662,                -0.092443,                 0.019286,                 0.238008,                -0.105391,                -0.143442,                 0.052987,                 0.043666,                -0.109481,                 5.145392,             48561.540560
                -0.437517,                -0.203676,                 0.177198,                 0.128638,                 0.108536,                -0.322760,                -0.034861,                 0.164378,                -0.109515,                -0.131288,                -0.068734,                 0.383015,                -0.062936,                -0.176341,                -0.142913,                 0.108247,                -0.053724,                 0.156814,                -0.055922,                 0.045603,                -0.074729,                 0.005051,                -0.049837,                -0.077792,                -0.048721,                -0.020932,                 0.100510,                -0.173667,                -0.020476,                 0.218624,                -0.100130,                 0.319049,                -0.069068,                -0.073059,                 5.189299,             39890.829941
                 0.024483,                 0.117324,                -0.143802,                -0.192362,                -0.212464,                 0.363240,                 0.651139,                 0.850378,                 0.576485,                 0.554712,                 0.617266,                -0.012985,                 0.160064,                 0.046659,                 0.073087,                -0.107753,                 0.342276,                -0.084186,                 0.185078,                -0.195397,                 0.007271,                -0.076949,                 0.032163,                 0.004208,                 0.033279,                -0.102932,                -0.132490,                 0.059333,                 0.212524,                -0.014376,                 0.295870,                -0.076951,                 0.041932,                 0.037941,                 2.379299,             58041.999433
                 0.255483,                -0.043176,                -0.304302,                 0.289138,                -0.051964,                 0.020240,                 0.308139,                -0.178622,                -0.452515,                 0.897712,                -0.411734,                -0.210985,                -0.174436,                 0.158159,                -0.034913,                -0.215753,                 0.144276,                 0.036314,                 0.064578,                 0.166103,                 0.048271,                 0.046051,                -0.008837,                -0.036792,                -0.089721,                -0.061932,                -0.015990,                 0.175833,                -0.136976,                -0.130876,                -0.298130,                -0.274951,                -0.013568,                -0.017559,                 0.974299,             55473.048054
                -0.206517,                 0.277824,                 0.016698,                -0.031862,                 0.269036,                 0.706240,                -0.377861,                 0.507378,                 0.233485,                 0.211712,                 0.274266,                 0.185015,                 0.048564,                -0.064841,                 0.181087,                 0.000247,                -0.251724,                -0.204686,                -0.176422,                -0.074897,                -0.033729,                -0.035949,                -0.090837,                 0.045208,                -0.007721,                 0.020068,                 0.217010,                -0.057167,                 0.096024,                 0.102124,                 0.097870,                 0.121049,                 0.097432,                 0.093441,                 3.784299,             51172.110507
                -0.091017,                -0.123426,                -0.063552,                 0.048388,                -0.132214,                 0.877740,                 0.136639,                 0.678878,                 0.061985,                 0.726212,                -0.240234,                -0.111985,                -0.007186,                -0.009091,                 0.019087,                 0.162247,                 0.243276,                 0.096564,                -0.236672,                -0.014647,                 0.027771,                -0.097449,                 0.052663,                 0.024708,                -0.028221,                -0.041432,                 0.158760,                -0.115417,                -0.078726,                -0.072626,                 0.196870,                 0.022049,                 0.069682,                -0.045309,                 1.676799,             60915.574596
                 0.370983,                 0.197574,                 0.257448,                -0.272612,                 0.188786,                 0.191740,                 0.822639,                -0.007122,                 0.747985,                 0.040212,                 0.445766,                 0.284015,                 0.215814,                 0.213909,                -0.196913,                -0.053753,                -0.152724,                -0.144436,                 0.004328,                 0.226353,                -0.054229,                -0.015449,                -0.029337,                -0.057292,                 0.053779,                 0.040568,                -0.074240,                 0.117583,                 0.154274,                 0.160374,                -0.199130,                -0.373951,                -0.041318,                 0.065691,                 4.486799,             46544.478825
                 0.139983,                -0.283926,                 0.096948,                 0.208888,                 0.028286,                 0.534740,                 0.479639,                 0.335878,                -0.281015,                -0.302788,                 0.102766,                 0.086015,                -0.118686,                 0.102409,                 0.127087,                -0.161753,                -0.350724,                 0.217064,                 0.124828,                -0.135147,                -0.095229,                -0.056449,                -0.070337,                -0.016292,                -0.069221,                -0.000432,                -0.190740,                 0.234083,                -0.195226,                 0.043874,                 0.394870,                -0.175951,                 0.014182,                -0.100809,                 3.081799,             46252.706234
                -0.322017,                 0.037074,                -0.224052,                -0.112112,                -0.292714,                -0.151260,                -0.206361,                -0.350122,                 0.404985,                 0.383212,                 0.788766,                -0.309985,                 0.104314,                -0.120591,                -0.088913,                 0.054247,                 0.045276,                -0.023936,                -0.116172,                 0.105853,                -0.013229,                 0.025551,                 0.011663,                -0.098292,                 0.012779,                -0.082432,                 0.042260,                 0.001083,                 0.037774,                -0.189126,                -0.001130,                 0.220049,                -0.096818,                 0.010191,                 0.271799,             52247.017939
                -0.264267,                -0.003051,                 0.056823,                -0.312737,                -0.172339,                -0.237010,                -0.120611,                 0.250128,                 0.147735,                -0.217038,                 0.874516,                -0.260485,                 0.132189,                 0.074534,                -0.169913,                -0.026753,                -0.103224,                 0.126689,                -0.025797,                -0.105022,                 0.038021,                 0.056301,                -0.060087,                -0.026542,                -0.079471,                 0.050818,                -0.161615,                -0.028042,                -0.107851,                 0.014749,                -0.248630,                -0.225451,                -0.110693,                -0.003684,                 4.135549,             41258.759381
                 0.197733,                 0.317949,                -0.264177,                 0.008263,                 0.148661,                 0.448990,                 0.565389,                -0.435872,                 0.833735,                 0.468962,                 0.188516,                 0.135515,                -0.090811,                -0.148466,                 0.046087,                 0.189247,                 0.292776,                -0.114311,                 0.215203,                 0.135978,                -0.043979,                -0.025699,                 0.021913,                 0.055458,                 0.002529,                -0.031182,                 0.071385,                 0.204958,                 0.125149,                 0.247749,                 0.147370,                 0.170549,                 0.000307,                 0.107316,                 1.325549,             56663.936640
                 0.428733,                -0.163551,                -0.103677,                -0.152237,                 0.309161,                 0.105990,                 0.222389,                 0.593128,                -0.195265,                 0.811962,                 0.531516,                 0.333515,                 0.020689,                -0.036966,                -0.061913,                 0.081247,                 0.094776,                 0.006189,                 0.094703,                -0.225522,                -0.084979,                 0.015301,                -0.019087,                -0.067542,                -0.038471,                -0.072182,                 0.187885,                 0.088458,                 0.008649,                 0.131249,                -0.050630,                 0.368549,                -0.055193,                -0.059184,                 2.730549,             55103.121110
                -0.033267,                 0.157449,                 0.217323,                 0.168763,                -0.011839,                 0.791990,                -0.463611,                -0.092872,                 0.490735,                 0.125962,                -0.154484,                -0.062485,                -0.202311,                 0.186034,                 0.154087,                -0.134753,                -0.301224,                -0.234811,                -0.146297,                 0.015478,                -0.002979,                -0.066699,                -0.101087,                 0.014458,                 0.043529,                 0.009818,                -0.045115,                -0.144542,                 0.241649,                -0.101751,                 0.345370,                -0.027451,                 0.055807,                 0.051816,                 5.540549,             50073.894540
                -0.148767,                -0.243801,                -0.183927,                -0.232487,                 0.228911,                 0.620490,                 0.050889,                -0.264372,                -0.023765,                 0.640462,                 0.360016,                 0.036515,                 0.187939,                 0.130284,                 0.100087,                -0.080753,                 0.391776,                 0.066439,                -0.206547,                 0.075728,                -0.064479,                -0.046199,                 0.042413,                -0.006042,                -0.099971,                -0.092682,                 0.013135,                -0.086292,                -0.166101,                 0.189499,                 0.246370,                -0.126451,                 0.083557,                -0.086934,                 0.623049,             55463.471977
                 0.313233,                 0.077199,                 0.137073,                 0.088513,                -0.092089,                -0.065510,                 0.736889,                 0.421628,                 0.662235,                -0.045538,                -0.325984,                -0.359485,                -0.035061,                -0.092716,                -0.115913,                 0.135247,                -0.004224,                -0.174561,                 0.034453,                -0.165272,                 0.017521,                 0.035801,                -0.039587,                -0.088042,                -0.017971,                -0.010682,                 0.246135,                 0.146708,                 0.066899,                -0.043501,                -0.149630,                 0.269549,                -0.027443,                 0.024066,                 3.433049,             47382.719719
                 0.082233,                -0.083301,                 0.297573,                -0.071987,                -0.252589,                 0.277490,                 0.393889,                 0.078628,                -0.366765,                -0.388538,                 0.703016,                -0.161485,                 0.076439,                -0.204216,                 0.208087,                 0.027247,                -0.202224,                 0.186939,                 0.154953,                 0.196228,                 0.058521,                -0.087199,                -0.080587,                 0.034958,                -0.058971,                 0.030318,                 0.129635,                 0.030208,                -0.049601,                -0.160001,                 0.048370,                 0.071549,                 0.028057,                -0.031434,                 4.838049,             42770.989806
                -0.379767,                 0.237699,                -0.023427,                 0.249013,                 0.068411,                -0.408510,                -0.292111,                 0.764628,                 0.319235,                 0.297462,                 0.017016,                 0.234515,                -0.146561,                 0.018784,                -0.007913,                -0.188753,                 0.193776,                -0.054061,                -0.086047,                -0.044772,                -0.023479,                -0.005199,                 0.001413,                -0.047042,                 0.023029,                -0.051682,                -0.103365,                -0.202792,                 0.183399,                 0.072999,                -0.347630,                -0.324451,                -0.082943,                 0.079566,                 2.028049,             43962.517308
                -0.350892,                -0.103364,                -0.244115,                 0.228951,                 0.248974,                -0.108385,                 0.694014,                 0.464503,                 0.276360,                -0.002663,                -0.283109,                -0.285235,                 0.034627,                -0.106654,                 0.167587,                -0.094253,                -0.028974,                -0.069123,                -0.131234,                 0.181166,                -0.028604,                -0.051324,                -0.054962,                -0.062417,                -0.064096,                -0.097807,                -0.176177,                 0.132145,                -0.209789,                -0.203688,                 0.122620,                -0.200701,                -0.076006,                -0.038371,                 1.149924,             45540.330382
                 0.111108,                 0.217636,                 0.076885,                -0.092049,                -0.072026,                 0.577615,                 0.008014,                -0.221497,                -0.409640,                 0.683337,                 0.402891,                 0.110765,                -0.188373,                 0.116346,                -0.048413,                 0.121747,                 0.367026,                 0.171877,                 0.109766,                -0.059834,                 0.053396,                 0.030676,                 0.027038,                 0.019583,                 0.017904,                -0.015807,                 0.056823,                -0.100855,                 0.023211,                 0.029312,                -0.273380,                 0.195299,                 0.034994,                 0.072629,                 3.959924,             51704.296925
                 0.342108,                -0.263864,                 0.237385,                 0.068451,                -0.232526,                -0.451385,                -0.334986,                 0.807503,                 0.619360,                 0.340337,                 0.059891,                 0.308765,                 0.146127,                 0.227846,                 0.059587,                 0.013747,                 0.169026,                -0.189623,                 0.230266,                 0.060666,                 0.012396,                -0.092324,                -0.013962,                -0.103417,                -0.023096,                 0.025193,                 0.173323,                 0.015645,                -0.093289,                 0.145812,                 0.320620,                 0.393299,                -0.020506,                -0.093871,                 5.364924,             54765.006793
                -0.119892,                 0.057136,                -0.083615,                -0.252549,                 0.088474,                 0.234615,                 0.351014,                 0.121503,                -0.066640,                -0.345663,                 0.745891,                -0.087235,                -0.076873,                 0.004846,                -0.156413,                -0.202253,                -0.226974,                 0.051377,                -0.010734,                -0.180334,                -0.069604,                -0.010324,                -0.095962,                -0.021417,                 0.058904,                -0.056807,                -0.059677,                 0.248645,                 0.139711,                -0.087188,                -0.075380,                -0.002701,                 0.090494,                 0.017129,                 2.554924,             42122.218710
                -0.004392,                -0.183614,                 0.157135,                 0.309201,                -0.312776,                 0.406115,                 0.865514,                -0.392997,                 0.447860,                 0.511837,                -0.111609,                 0.011765,                 0.090377,                -0.050904,                -0.102413,                -0.040253,                 0.268026,                -0.129373,                -0.070984,                -0.240584,                -0.008104,                 0.051176,                 0.047538,                -0.000917,                -0.084596,                 0.045693,                -0.001427,                 0.073895,                -0.151539,                 0.087562,                -0.174380,                -0.101701,                 0.062744,                -0.066121,                 3.257424,             56412.227112
                 0.457608,                 0.137386,                -0.163865,                -0.011799,                 0.008224,                -0.279885,                 0.179514,                 0.293003,                -0.238140,                -0.174163,                 0.574391,                -0.384235,                -0.132623,                 0.172096,                 0.113587,                 0.175747,                -0.127974,                 0.111627,                 0.170016,                 0.000416,                -0.090104,                -0.030824,                -0.034462,                -0.082917,                -0.002596,                -0.036307,                 0.231573,                -0.159105,                 0.081461,                -0.145438,                 0.221620,                 0.294299,                -0.048256,                 0.044879,                 0.447424,             44739.103393
                 0.226608,                -0.023114,                -0.003365,                 0.148701,                 0.168724,                 0.749115,                -0.163486,                -0.049997,                 0.790860,                 0.168837,                -0.454609,                -0.186235,                 0.201877,                 0.060596,                -0.210413,                 0.067747,                -0.325974,                -0.008873,                 0.049516,                -0.120084,                -0.049104,                 0.010176,                -0.075462,                 0.040083,                -0.043596,                -0.077307,                 0.115073,                -0.042605,                -0.035039,                -0.028938,                -0.372380,                 0.096299,                 0.007244,                -0.010621,                 1.852424,             47389.659147
                -0.235392,                 0.297886,                 0.317635,                -0.172299,                -0.152276,                 0.063115,                 0.522514,                 0.636003,                 0.104860,                 0.854837,                 0.231391,                 0.209765,                -0.021123,                -0.162404,                 0.005587,                -0.148253,                 0.070026,                 0.232127,                -0.191484,                 0.120916,                 0.032896,                -0.071824,                 0.006538,                -0.041917,                 0.038404,                 0.004693,                -0.117927,                 0.190395,                 0.197961,                 0.204062,                 0.023620,                -0.299701,                -0.103756,                 0.100379,                 4.662424,             54912.384191
                -0.293142,                -0.303989,                -0.123740,                -0.051924,                -0.031901,                 0.148865,                 0.608264,                 0.035753,                 0.533610,                -0.088413,                 0.317141,                 0.358265,                -0.160498,                 0.032721,                 0.140587,                 0.202747,                -0.177474,                -0.099248,                -0.161359,                -0.150209,                -0.018354,                -0.102574,                -0.044712,                -0.093167,                -0.053846,                -0.026057,                 0.085948,                 0.161270,                -0.064164,                 0.058437,                 0.271120,                 0.343799,                -0.089881,                -0.107746,                 2.203674,             50669.273548
                 0.168858,                 0.017011,                 0.197260,                 0.269076,                 0.289099,                 0.834865,                -0.077736,                 0.721753,                -0.152390,                 0.597587,                -0.368859,                -0.037735,                 0.062502,                -0.190279,                -0.075413,                -0.013253,                 0.218526,                 0.141752,                 0.079641,                 0.090791,                -0.100354,                -0.020574,                 0.037288,                -0.011167,                 0.028154,                 0.055943,                -0.147052,                -0.071730,                 0.168836,                -0.174563,                -0.124880,                -0.052201,                 0.021119,                 0.003254,                 5.013674,             49905.872502
                 0.399858,                -0.143489,                 0.036760,                -0.212424,                 0.128599,                -0.194135,                -0.420736,                -0.307247,                 0.876610,                 0.254587,                 0.660141,                -0.235735,                -0.048998,                -0.078779,                 0.032587,                -0.121253,                 0.020526,                -0.219748,                 0.200141,                -0.029709,                -0.059354,                -0.061574,                -0.003712,                -0.052167,                -0.094846,                 0.014943,                -0.030552,                -0.188230,                -0.180664,                -0.058063,                 0.073120,                -0.250201,                -0.034381,                -0.052246,                 3.608674,             46350.950144
                -0.062142,                 0.177511,                -0.284240,                 0.108576,                -0.192401,                 0.491865,                 0.265264,                 0.378753,                 0.190610,                -0.431413,                -0.025859,                 0.160265,                 0.174002,                 0.144221,                -0.183413,                 0.094747,                -0.375474,                 0.021252,                -0.040859,                 0.211291,                 0.022646,                 0.020426,                -0.085712,                 0.029833,                -0.012846,                -0.067057,                 0.202448,                 0.044770,                 0.052336,                 0.174937,                -0.322880,                 0.145799,                 0.076619,                 0.058754,                 0.798674,             40638.289024
                -0.177642,                -0.063239,                 0.277510,                -0.132174,                 0.048349,                 0.320365,                 0.779764,                 0.893253,                 0.362110,                 0.426087,                 0.831641,                -0.136735,                -0.104748,                 0.199971,                -0.021413,                 0.148747,                 0.317526,                -0.159498,                -0.101109,                 0.151041,                -0.038854,                -0.000074,                 0.057788,                 0.050333,                -0.033346,                -0.005557,                 0.144198,                 0.219520,                -0.005914,                -0.116313,                -0.223880,                 0.046799,                 0.104369,                -0.024496,                 4.311174,             51690.608113
                 0.284358,                 0.257761,                -0.043490,                 0.188826,                -0.272651,                -0.365635,                 0.093764,                 0.207253,                -0.323890,                -0.259913,                 0.145641,                 0.259265,                 0.118252,                -0.023029,                 0.194587,                -0.067253,                -0.078474,                 0.081502,                 0.139891,                -0.089959,                 0.043146,                -0.082074,                -0.024212,                -0.031667,                 0.048654,                -0.087557,                -0.088802,                -0.013480,                 0.227086,                 0.116687,                 0.172120,                -0.349201,                -0.006631,                 0.086504,                 1.501174,             42574.049614
                 0.053358,                -0.223739,                -0.203990,                -0.292674,                -0.112151,                 0.663365,                -0.249236,                 0.550253,                 0.705110,                 0.083087,                 0.488641,                 0.061265,                 0.006752,                -0.134529,                -0.129413,                -0.175253,                -0.276474,                -0.038998,                 0.019391,                 0.030541,                 0.002146,                 0.040926,                -0.065212,                 0.009333,                -0.074346,                -0.046557,                -0.205302,                -0.129980,                -0.122414,                 0.233187,                -0.025880,                -0.151201,                 0.048869,                -0.079996,                 0.096174,             51078.249857
                -0.408642,                 0.097261,                 0.117010,                 0.028326,                 0.208849,                -0.022635,                 0.436764,                -0.135747,                 0.019110,                 0.769087,                -0.197359,                -0.334735,                 0.229752,                 0.088471,                 0.086587,                 0.040747,                 0.119526,                 0.202002,                -0.221609,                -0.210459,                -0.079854,                -0.041074,                 0.016788,                -0.072667,                 0.007654,                 0.035443,                 0.027698,                 0.103020,                 0.110586,                 0.000187,                 0.370120,                 0.244799,                -0.062131,                 0.031004,                 2.906174,             54766.539775
                -0.423079,                -0.053208,                -0.093646,                -0.222456,                -0.242557,                 0.513303,                -0.356423,                 0.700316,                 0.683672,                -0.195600,                 0.209954,                 0.296390,                -0.195342,                -0.113623,                -0.122663,                 0.006997,                 0.156651,                 0.134220,                 0.041985,                 0.203759,                 0.025208,                -0.079511,                -0.021650,                -0.034230,                 0.035841,                 0.032881,                 0.166042,                 0.066614,                 0.161555,                -0.181844,                 0.258745,                -0.361576,                 0.052338,                 0.096910,                 5.277111,             43384.138447
                 0.038921,                 0.267792,                 0.227354,                 0.098544,                 0.078443,                -0.172697,                 0.329577,                 0.014316,                -0.002328,                 0.490400,                 0.895954,                -0.099610,                 0.027658,                 0.109377,                 0.093337,                -0.209003,                -0.239349,                -0.106780,                -0.199015,                -0.037241,                -0.056792,                 0.002489,                -0.103650,                 0.047770,                -0.046159,                -0.049119,                -0.066958,                -0.166386,                -0.071445,                 0.051156,                -0.137255,                 0.034424,                -0.058662,                -0.014090,                 2.467111,             48247.186021
                 0.269921,                -0.213708,                 0.066854,                -0.061956,                 0.238943,                 0.856303,                 0.672577,                 0.357316,                 0.340672,                 0.833400,                -0.133046,                -0.297610,                -0.083842,                 0.220877,                -0.014663,                -0.101003,                -0.041349,                 0.013720,                -0.078515,                 0.083259,                -0.097792,                -0.038511,                -0.062650,                -0.075230,                -0.005159,                -0.090119,                -0.183458,                -0.049886,                 0.045055,                 0.167656,                 0.060745,                 0.232424,                 0.107838,                 0.041410,                 1.062111,             54690.284478
                -0.192079,                 0.107292,                -0.254146,                 0.259044,                -0.082057,                 0.170303,                -0.013423,                -0.328684,                -0.345328,                 0.147400,                 0.552954,                 0.098390,                 0.139158,                -0.002123,                 0.201337,                 0.114997,                 0.354651,                -0.227280,                 0.162485,                -0.157741,                -0.015792,                 0.043489,                 0.019350,                 0.006770,                -0.087159,                -0.008119,                 0.049542,                 0.183114,                -0.187945,                -0.065344,                -0.335255,                -0.163576,                -0.003162,                -0.069590,                 3.872111,             46688.633774
                -0.076579,                -0.293958,                 0.307604,                -0.302706,                 0.319193,                -0.001197,                -0.184923,                 0.185816,                 0.855172,                 0.661900,                -0.304546,                -0.000610,                -0.139592,                -0.057873,                 0.039337,                 0.060997,                -0.338349,                 0.073970,                 0.222735,                -0.217991,                -0.077292,                -0.018011,                -0.083150,                -0.013730,                 0.056341,                -0.069619,                 0.107792,                 0.124864,                 0.219805,                 0.109406,                -0.236255,                -0.064576,                -0.030912,                 0.013660,                 1.764611,             51028.165232
                 0.385421,                 0.027042,                -0.013396,                 0.018294,                -0.001807,                 0.684803,                 0.501077,                 0.871816,                 0.169172,                -0.024100,                 0.381454,                 0.395390,                 0.083408,                 0.165127,                -0.176663,                -0.155003,                 0.057651,                -0.167030,                -0.018265,                 0.023009,                 0.004708,                -0.100011,                -0.001150,                -0.095730,                -0.025659,                 0.012381,                -0.125208,                -0.108136,                -0.013195,                -0.123594,                 0.159745,                 0.331424,                 0.080088,                -0.097340,                 4.574611,             50600.630411
                 0.154421,                -0.133458,                -0.173896,                -0.142206,                -0.162307,                -0.344197,                 0.844077,                -0.157184,                 0.512172,                -0.367100,                 0.038454,                 0.197390,                -0.028092,                 0.053627,                 0.147337,                -0.047003,                 0.255651,                 0.194470,                -0.138765,                -0.097491,                 0.045708,                 0.022989,                 0.039850,                 0.027270,                 0.015341,                 0.053381,                -0.008708,                 0.008364,                 0.103305,                -0.007094,                -0.038255,                 0.133424,                -0.086412,                 0.069160,                 3.169611,             44924.213407
                -0.307579,                 0.187542,                 0.147104,                 0.178794,                 0.158693,                 0.341803,                 0.158077,                 0.528816,                -0.173828,                 0.318900,                 0.724454,                -0.198610,                 0.194908,                -0.169373,                -0.068663,                 0.168997,                -0.140349,                -0.046530,                 0.102235,                 0.143509,                -0.036292,                -0.059011,                -0.042150,                -0.054730,                -0.066659,                -0.028619,                 0.224292,                 0.241364,                -0.129695,                 0.225906,                 0.357745,                -0.262576,                 0.024588,                -0.041840,                 0.359611,             51535.947127
                -0.249829,                -0.173583,                -0.294271,                 0.058419,                 0.038318,                 0.256053,                -0.442173,                -0.242934,                 0.769422,                -0.281350,                 0.638704,                -0.347110,                 0.055533,                 0.025752,                -0.203663,                -0.128003,                 0.008151,                 0.164345,                 0.011860,                -0.127616,                -0.067042,                -0.028261,                -0.011400,                -0.064980,                 0.005091,                 0.002131,                -0.037833,                 0.212239,                 0.074180,                 0.022031,                 0.110245,                 0.281924,                 0.010713,                 0.055285,                 3.520861,             44339.556651
                 0.212171,                 0.147417,                 0.026729,                -0.262581,                -0.282682,                -0.429947,                 0.243827,                 0.443066,                 0.083422,                 0.404650,                -0.047296,                 0.048890,                -0.167467,                -0.197248,                 0.012337,                 0.087997,                -0.387849,                -0.076655,                -0.229140,                 0.113384,                 0.014958,                 0.053739,                -0.093400,                 0.017020,                -0.076909,                -0.079869,                 0.195167,                -0.020761,                -0.158820,                -0.210969,                -0.285755,                -0.114076,                -0.100287,                -0.055715,                 0.710861,             51779.751540
                 0.443171,                -0.013083,                 0.187229,                 0.218919,                -0.122182,                 0.599053,                 0.586827,                 0.100066,                 0.426422,                 0.747650,                 0.295704,                 0.246890,                 0.167033,                -0.085748,                -0.095663,                 0.195997,                -0.189849,                 0.043845,                -0.108640,                -0.007116,                 0.055958,                -0.069261,                -0.052400,                -0.023980,                 0.046091,                -0.038869,                 0.078667,                -0.137261,                 0.190680,                -0.094469,                 0.308245,                -0.312076,                 0.066213,                 0.110785,                 2.115861,             58211.199454
                -0.018829,                 0.307917,                -0.133771,                -0.102081,                 0.198818,                -0.086947,                -0.099173,                 0.786066,                -0.259578,                 0.061650,                -0.390296,                -0.149110,                -0.055967,                 0.137252,                 0.120337,                -0.020003,                 0.206151,                -0.197155,                 0.132360,                 0.233884,                -0.026042,                 0.012739,                 0.029600,                 0.058020,                -0.035909,                 0.043131,                -0.154333,                 0.095739,                -0.042320,                 0.138531,                -0.087755,                 0.083924,                -0.044787,                -0.000215,                 4.925861,             47118.625386
                -0.134329,                -0.093333,                 0.106979,                 0.138669,                -0.041932,                 0.084553,                -0.270673,                 0.271566,                 0.597922,                 0.576150,                 0.467204,                 0.147890,                 0.111283,                 0.193002,                 0.066337,                -0.182003,                -0.288849,                 0.104095,                 0.192610,                 0.173634,                 0.035458,                 0.033239,                -0.072900,                 0.037520,                -0.015409,                -0.059369,                -0.212583,                 0.153989,                 0.132430,                -0.152719,                -0.186755,                 0.182924,                -0.017037,                 0.083035,                 0.008361,             56391.200836
                 0.327671,                 0.227667,                -0.214021,                -0.182331,                 0.279068,                 0.770553,                 0.415327,                -0.414434,                -0.088078,                -0.109850,                -0.218796,                -0.248110,                -0.111717,                -0.029998,                -0.149663,                 0.033997,                 0.107151,                -0.136905,                -0.048390,                -0.067366,                -0.046542,                -0.048761,                 0.009100,                -0.044480,                -0.097409,                 0.022631,                 0.020417,                -0.079011,                -0.100570,                 0.080281,                 0.209245,                -0.213076,                 0.093963,                -0.027965,                 2.818361,             45700.607476
                 0.096671,                -0.253833,                -0.053521,                 0.299169,                 0.118568,                -0.258447,                 0.758327,                 0.614566,                 0.254922,                -0.452850,                 0.810204,                -0.050110,                 0.222783,                -0.141498,                 0.174337,                 0.141997,                 0.305151,                 0.224595,                -0.168890,                 0.053134,                -0.087542,                -0.007761,                 0.050100,                -0.003480,                 0.025591,                -0.018369,                 0.136917,                -0.195511,                 0.248930,                 0.196781,                -0.384755,                -0.015076,                -0.072537,                 0.027535,                 4.223361,             37730.787361
                -0.365329,                 0.067167,                 0.267479,                -0.021831,                -0.202432,                 0.427553,                 0.072327,                -0.071434,                -0.431078,                 0.233150,                 0.124204,                 0.345890,                -0.000217,                 0.081502,                -0.041663,                -0.074003,                -0.090849,                -0.016405,                 0.072110,                -0.187866,                -0.005542,                -0.089761,                -0.031900,                -0.085480,                -0.056409,                -0.100369,                -0.096083,                 0.037489,                 0.015930,                -0.036219,                 0.011245,                 0.380924,                 0.038463,                -0.083465,                 1.413361,             48558.516745
                -0.394204,                -0.273895,                 0.006666,                -0.122143,                -0.102120,                 0.727678,                 0.372452,                -0.457309,                -0.302453,                 0.018775,                -0.347421,                -0.371860,                 0.153095,                -0.183310,                 0.214837,                -0.195503,                 0.131901,                -0.091717,                 0.147422,                 0.038072,                -0.010667,                 0.038364,                -0.006275,                -0.100855,                 0.010216,                -0.043994,                -0.023271,                -0.122698,                 0.088742,                 0.240468,                -0.261005,                 0.257174,                 0.031525,                 0.020597,                 0.886486,             44347.642392
                 0.067796,                 0.047105,                -0.314334,                 0.198857,                 0.218880,                 0.041678,                -0.313548,                 0.228691,                 0.383547,                 0.704775,                 0.338579,                 0.024140,                -0.069905,                 0.039690,                -0.001163,                 0.020497,                -0.264099,                 0.149283,                -0.093578,                -0.202928,                -0.092667,                -0.043636,                -0.088275,                -0.018855,                -0.071784,                 0.038006,                 0.209729,                 0.110302,                -0.144258,                 0.007468,                 0.134995,                -0.138826,                -0.079475,                -0.090403,                 3.696486,             54688.679692
                 0.298796,                -0.113395,                -0.153834,                -0.282643,                 0.058380,                 0.384678,                 0.029452,                -0.114309,                 0.040547,                 0.361775,                -0.004421,                 0.222140,                 0.041595,                 0.151190,                 0.106837,                 0.128497,                -0.066099,                -0.212217,                -0.214078,                 0.158572,                -0.051667,                -0.002636,                -0.047275,                -0.059855,                 0.051216,                -0.002994,                 0.093229,                 0.226802,                 0.205242,                -0.109032,                -0.063005,                -0.336826,                 0.087025,                 0.076097,                 5.101486,             51351.724234
                -0.163204,                 0.207605,                 0.167166,                 0.038357,                -0.262620,                -0.301322,                 0.715452,                 0.571691,                 0.726547,                -0.324225,                 0.681579,                -0.173860,                -0.181405,                -0.071810,                -0.109163,                -0.087503,                 0.329901,                 0.028783,                 0.026922,                -0.082428,                 0.030333,                -0.084636,                 0.034725,                 0.022145,                -0.030784,                -0.084994,                -0.139771,                -0.006198,                -0.027758,                 0.123968,                 0.332995,                 0.059174,                -0.023975,                -0.034903,                 2.291486,             43817.782276
                -0.047704,                -0.033145,                -0.234084,                -0.041893,                 0.138630,                -0.472822,                 0.543952,                 0.400191,                -0.130953,                 0.533275,                 0.167079,                 0.123140,                 0.208845,                -0.016060,                -0.055163,                -0.141503,                -0.363099,                -0.151967,                 0.087172,                -0.022178,                -0.031167,                -0.023136,                -0.067775,                 0.042645,                -0.010284,                 0.017506,                -0.198021,                -0.180948,                 0.030492,                -0.050782,                 0.233995,                 0.158174,                -0.051725,                 0.103847,                 2.993986,             50489.065535
                 0.414296,                 0.287855,                 0.086916,                 0.279107,                -0.182370,                 0.213178,                -0.142048,                -0.285809,                 0.555047,                -0.152725,                 0.853079,                -0.272860,                -0.014155,                 0.206940,                 0.160837,                 0.074497,                 0.032901,                 0.089033,                -0.153828,                 0.218822,                 0.050833,                 0.058864,                 0.014225,                -0.039355,                -0.092284,                -0.064494,                 0.034979,                 0.052052,                -0.202508,                 0.182218,                -0.162005,                -0.237826,                 0.059275,                -0.007153,                 0.183986,             46895.989052
                 0.183296,                -0.193645,                 0.247416,                -0.202393,                -0.021870,                -0.129822,                 0.200952,                 0.743191,                 0.212047,                 0.190275,                -0.175921,                -0.074860,                 0.097345,                 0.095440,                -0.163163,                 0.182497,                 0.230901,                -0.031467,                -0.033328,                -0.142678,                 0.009833,                -0.064136,                 0.055225,                 0.001645,                 0.030716,                -0.023494,                 0.151479,                 0.168552,                 0.146992,                 0.065718,                 0.035995,                -0.039826,                -0.107225,                 0.048347,                 1.588986,             54606.474142
                -0.278704,                 0.127355,                -0.073584,                 0.118607,                 0.299130,                 0.556178,                 0.886952,                 0.057191,                 0.898047,                 0.876275,                 0.510079,                 0.321140,                -0.125655,                -0.127560,                 0.052837,                -0.033503,                -0.165099,                 0.209533,                 0.207672,                 0.098322,                -0.072167,                 0.017864,                -0.026775,                -0.080355,                -0.051284,                 0.058506,                -0.081521,                -0.064448,                -0.086008,                -0.167282,                -0.360005,                 0.356174,                 0.003775,                -0.062653,                 4.398986,             47947.875046
                -0.336454,                -0.153520,                 0.207291,                 0.319232,                 0.178755,                 0.641928,                 0.286702,                 0.828941,                -0.216703,                -0.066975,                 0.424329,                 0.271640,                -0.097780,                 0.067565,                 0.133837,                 0.101497,                 0.082401,                -0.061592,                 0.177547,                -0.112553,                -0.041417,                -0.012886,                -0.016525,                -0.049605,                 0.020466,                -0.074744,                 0.180604,                -0.093573,                 0.234367,                -0.021657,                -0.112505,                -0.386326,                 0.017650,                 0.062222,                 2.642736,             43655.963963
                 0.125546,                 0.167480,                -0.113709,                -0.001768,                -0.142245,                -0.044072,                -0.399298,                 0.142941,                 0.469297,                 0.619025,                -0.261671,                -0.124360,                 0.125220,                -0.155435,                -0.082163,                -0.114503,                -0.313599,                 0.179408,                -0.063453,                 0.128447,                 0.040583,                -0.094886,                -0.098525,                 0.032395,                -0.061534,                 0.007256,                -0.052396,                 0.139427,                 0.001367,                 0.211343,                 0.283495,                 0.009674,                -0.093350,                -0.048778,                 5.452736,             55525.565884
                 0.356546,                -0.314020,                -0.274209,                 0.158732,                -0.302745,                 0.298928,                -0.056298,                 0.485941,                 0.126297,                 0.276025,                 0.767329,                -0.322360,                -0.209280,                -0.043935,                 0.025837,                -0.006503,                -0.115599,                -0.182092,                -0.183953,                -0.233053,                -0.000417,                 0.028114,                -0.057525,                -0.090605,                -0.020534,                 0.048256,                -0.168896,                 0.022927,                 0.117867,                 0.094843,                -0.310505,                 0.207674,                 0.073150,                 0.006722,                 4.047736,             51901.543828
                -0.105454,                 0.006980,                 0.046791,                -0.162268,                 0.018255,                -0.387072,                 0.629702,                -0.200059,                 0.812297,                -0.409975,                 0.081329,                 0.073640,                 0.013720,                 0.179065,                -0.190163,                 0.209497,                 0.280401,                 0.058908,                 0.057047,                 0.007947,                -0.082417,                -0.053886,                 0.024475,                -0.008605,                -0.102534,                -0.033744,                 0.064104,                -0.210073,                -0.115133,                -0.138157,                 0.085495,                -0.188326,                -0.037850,                -0.104278,                 1.237736,             38603.364003
                -0.220954,                -0.233770,                -0.033459,                 0.238982,                -0.222495,                -0.215572,                 0.458202,                -0.028559,                -0.388203,                 0.447525,                 0.595829,                -0.025360,                -0.042030,                 0.123315,                -0.028163,                 0.047497,                -0.214599,                -0.121842,                 0.117297,                 0.068197,                -0.020917,                -0.074386,                -0.078025,                 0.011895,                 0.040966,                 0.027756,                 0.122354,                -0.035323,                 0.176117,                 0.153093,                 0.184495,                -0.089326,                -0.010100,                 0.034472,                 4.750236,             50495.899111
                 0.241046,                 0.087230,                 0.287541,                -0.082018,                 0.098505,                 0.470428,                -0.227798,                 0.657441,                 0.297797,                -0.238475,                -0.090171,                 0.370640,                 0.180970,                -0.099685,                 0.187837,                -0.168503,                 0.181401,                 0.119158,                -0.123703,                -0.172803,                -0.102917,                 0.007614,                 0.003975,                -0.070105,                -0.041034,                -0.054244,                -0.110646,                 0.197677,                -0.056883,                -0.079907,                -0.211505,                 0.306674,                 0.100900,                -0.076528,                 1.940236,             44934.209410
                 0.010046,                -0.073270,                 0.127041,                 0.078482,                 0.259005,                 0.127428,                 0.115202,                -0.371559,                -0.045203,                 0.104525,                 0.252829,                 0.172640,                -0.153530,                -0.211185,                -0.136163,                -0.060503,                 0.379401,                -0.001342,                -0.003203,                 0.188697,                -0.061917,                -0.033386,                 0.044975,                 0.052895,                -0.000034,                -0.095244,                 0.005854,                 0.081177,                 0.059617,                -0.196407,                 0.382495,                 0.108674,                -0.065600,                 0.089972,                 0.535236,             50245.565239
                -0.451954,                 0.247730,                -0.193959,                -0.242518,                -0.061995,                 0.813428,                 0.801202,                 0.314441,                 0.640797,                 0.790525,                -0.433171,                -0.223360,                 0.069470,                 0.011815,                 0.079837,                 0.155497,                -0.016599,                 0.239658,                 0.237797,                -0.052303,                 0.020083,                 0.048614,                -0.037025,                -0.029105,                -0.082034,                -0.013244,                 0.238854,                -0.151823,                -0.173383,                 0.036593,                -0.013505,                -0.287326,                 0.045400,                -0.021028,                 3.345236,             53530.411072
                -0.448345,                -0.246309,                -0.005873,                 0.030833,                 0.266529,                 0.432912,                -0.125970,                 0.523456,                 0.592563,                 0.828041,                 0.151001,                -0.127454,                 0.092119,                 0.180807,                -0.036601,                 0.096435,                 0.017433,                 0.185056,                -0.140648,                -0.170920,                -0.104839,                -0.044277,                -0.103009,                -0.038714,                -0.096768,                -0.080510,                 0.055003,                 0.115763,                 0.061438,                -0.041680,                -0.010411,                 0.291205,                -0.101154,                 0.108183,                 1.215783,             55064.996424
                 0.013655,                 0.074691,                 0.315127,                -0.290167,                -0.054471,                -0.253088,                 0.560030,                -0.162544,                -0.093437,                 0.142041,                 0.837001,                 0.268546,                -0.130881,                -0.042193,                 0.179399,                -0.119565,                -0.378567,                -0.055944,                 0.100352,                 0.070080,                -0.022839,                 0.037723,                -0.021009,                 0.043286,                -0.014768,                 0.001490,                -0.177997,                -0.117237,                -0.171562,                 0.191320,                 0.385589,                -0.104795,                 0.009846,                -0.002817,                 4.025783,             47681.081620
                 0.244655,                -0.085809,                 0.154627,                 0.191333,                -0.214971,                 0.775912,                 0.217030,                 0.866456,                 0.249563,                -0.200959,                -0.191999,                 0.070546,                 0.203619,                -0.153693,                -0.144601,                -0.011565,                -0.180567,                 0.064556,                 0.220852,                -0.050420,                 0.018161,                -0.085277,                 0.019991,                -0.079714,                -0.055768,                 0.042490,                -0.061497,                -0.000737,                 0.177938,                 0.074820,                -0.208411,                -0.302795,                -0.045654,                 0.052683,                 5.430783,             43734.288968
                -0.217345,                 0.235191,                -0.166373,                -0.129667,                 0.106029,                 0.089912,                -0.468970,                 0.180456,                -0.436437,                 0.485041,                 0.494001,                -0.325454,                -0.019381,                 0.069307,                 0.071399,                 0.204435,                 0.215433,                -0.176444,                -0.020148,                 0.190580,                -0.063839,                -0.003277,                -0.062009,                 0.002286,                 0.026232,                -0.039510,                 0.171503,                 0.232263,                -0.055062,                -0.158180,                 0.187589,                 0.093205,                 0.065346,                -0.058317,                 2.620783,             51133.203719
                -0.101845,                -0.005559,                 0.234877,                 0.111083,                -0.295221,                -0.081588,                 0.045530,                -0.334044,                 0.764063,                -0.372459,                -0.363499,                 0.367546,                 0.036369,                 0.013557,                 0.125399,                 0.042435,                -0.279567,                 0.004306,                -0.080398,                 0.130330,                 0.038661,                 0.058223,                -0.000509,                -0.018214,                -0.076268,                 0.021990,                 0.229753,                 0.057513,                 0.119688,                 0.249570,                 0.088589,                 0.192205,                 0.093096,                 0.024933,                 3.323283,             45025.558224
                 0.360155,                 0.315441,                -0.086123,                -0.209917,                 0.025779,                 0.604412,                 0.731530,                 0.351956,                 0.078063,                 0.313541,                 0.322501,                -0.028454,                -0.186631,                -0.209443,                -0.090601,                -0.173565,                 0.116433,                -0.236694,                 0.160602,                -0.110670,                -0.043339,                -0.023777,                -0.082509,                -0.100214,                 0.005732,                -0.060010,                -0.003247,                -0.175487,                -0.113312,                 0.016570,                -0.307411,                -0.203795,                -0.017904,                -0.086067,                 0.513283,             50298.182670
                 0.129155,                -0.166059,                -0.246623,                 0.271583,                 0.186279,                -0.424588,                 0.388530,                 0.008956,                 0.421063,                 0.656541,                -0.020499,                -0.226454,                 0.147869,                -0.097943,                 0.017399,                -0.065565,                 0.314433,                 0.124806,                 0.040102,                 0.009830,                -0.084339,                 0.017223,                -0.041509,                 0.022786,                -0.035268,                -0.101010,                -0.119747,                -0.058987,                 0.236188,                -0.099930,                 0.286589,                -0.005795,                 0.037596,                 0.080433,                 1.918283,             51305.169061
